id,x,y,elev
0,35.94018,0.015008,1590
1,35.974052,1.094109,1108
2,35.951942,1.395677,1334
3,35.727542,0.142481,2277
4,35.781955,0.439435,2121
5,35.891187,0.545297,1264
6,36.058679,0.747622,1053
7,35.973551,0.724285,977
8,36.246149,0.863748,1168
9,36.033326,0.50658,988
10,35.785901,0.713822,1737
11,35.816927,1.216841,1035
12,35.992768,0.995168,887
13,36.060847,0.917695,879
14,35.858593,0.274384,1460
15,36.00305,0.450919,1003
16,36.209588,0.34239,1999
17,35.845061,1.406197,1150
18,35.974994,0.183712,1334
19,36.020515,0.943149,842
20,35.327468,-0.589772,1982
21,35.554052,-0.535151,2387
22,35.234072,-0.962003,1789
23,35.356896,-0.728527,2062
24,35.287285,-0.841406,1880
25,35.483871,-0.772631,2215
26,35.372001,-0.777784,2050
27,35.278475,-0.417651,1977
28,35.343606,-0.583654,2029
29,35.297509,-0.719609,1950
30,35.255443,-1.004257,1717
31,35.20641,-0.686868,1897
32,35.272385,-0.446289,1941
33,35.429397,-0.549857,2267
34,35.259179,-0.961746,1761
35,35.510197,-0.543705,2336
36,35.0809,-0.832024,1893
37,35.077398,-0.73755,1809
38,35.480491,-0.58475,2284
39,35.112402,-0.730688,1773
40,34.712369,0.643222,1457
41,34.588023,0.949904,2713
42,34.825174,0.747047,1620
43,34.426162,0.6099,1313
44,35.033918,0.723207,1777
45,34.525325,0.47601,1397
46,35.129754,0.681416,1944
47,34.525875,0.600347,1470
48,34.70096,0.985913,2646
49,34.462744,0.896072,2339
50,34.577719,0.844855,2111
51,35.083187,0.693999,1896
52,34.623498,0.945064,2691
53,34.790658,0.611157,1583
54,35.03349,0.782803,1795
55,34.886794,0.769752,1743
56,34.475929,0.7067,1405
57,34.455743,0.673606,1364
58,34.594589,0.75552,1636
59,34.554975,0.972305,2985
60,34.385078,0.516891,1240
61,33.943028,0.060663,1136
62,34.168749,0.566405,1137
63,34.287572,0.325202,1263
64,34.12771,0.424764,1186
65,34.215527,0.350568,1234
66,34.369197,0.481576,1262
67,34.384715,0.358762,1296
68,34.150308,0.30776,1366
69,34.314629,0.538882,1232
70,34.227443,0.304782,1283
71,34.069422,0.250405,1218
72,34.337767,0.474845,1226
73,34.106414,0.219225,1228
74,33.988829,0.104502,1169
75,34.324214,0.36409,1245
76,34.045462,0.108833,1145
77,34.154068,0.323812,1265
78,34.244496,0.506802,1235
79,34.023878,0.088186,1144
80,35.670887,1.213197,986
81,35.594618,1.213813,2462
82,35.52385,0.664453,2131
83,35.695981,1.213084,942
84,35.543032,1.215671,2703
85,35.677731,1.269705,955
86,35.634364,0.23301,1724
87,35.653658,1.291935,992
88,35.581592,1.2008,2564
89,35.591436,0.275713,2216
90,35.559948,0.298509,2683
91,35.547876,0.952258,2394
92,35.584988,1.208139,2538
93,35.349844,0.998206,2221
94,35.69479,1.299489,923
95,35.575462,0.837948,1678
96,35.611672,0.985155,1140
97,35.533073,0.594565,1864
98,35.530176,0.995776,2438
99,35.332785,1.10338,2470
100,37.482013,-0.771568,1106
101,37.567652,-0.836265,1054
102,37.367285,-0.792352,1130
103,37.598267,-0.482304,1296
104,37.879059,-0.529498,613
105,37.592743,-0.576568,1190
106,37.331716,-0.772187,1149
107,37.462505,-0.530311,1361
108,37.630843,-0.409185,1408
109,37.588514,-0.493408,1346
110,37.605957,-0.697393,1264
111,37.794313,-0.58265,751
112,37.426118,-0.297635,2304
113,37.748588,-0.603555,1047
114,37.8813,-0.63254,734
115,37.425424,-0.779839,1141
116,37.731835,-0.659605,982
117,37.524982,-0.512484,1419
118,37.339644,-0.202828,3846
119,37.441012,-0.341568,2097
120,40.45783,-0.961007,102
121,38.959155,0.041954,261
122,41.080627,-1.404845,50
123,39.328595,0.414875,244
124,40.320506,-0.6606,121
125,39.343108,0.295183,260
126,40.12301,-1.556957,76
127,41.2353,-1.157512,48
128,40.754146,-0.233997,117
129,40.467395,-1.412311,70
130,39.700599,-0.189858,236
131,40.550496,-0.88502,111
132,40.845953,-1.026737,93
133,40.153004,-1.071877,101
134,40.04888,0.03641,173
135,40.681341,-1.362074,72
136,40.7031,0.000876,129
137,40.915644,-1.251496,69
138,39.809333,0.269626,160
139,40.13454,0.282758,136
140,34.188225,-0.697872,1255
141,34.825301,-0.507314,1593
142,33.947671,-0.458201,1137
143,34.183653,-0.389693,1150
144,34.186722,-0.523625,1256
145,34.615051,-0.504131,1253
146,34.429382,-0.529934,1137
147,34.569601,-0.404535,1188
148,34.386773,-0.672449,1357
149,33.976013,-0.456346,1217
150,34.336437,-0.494889,1146
151,34.654845,-0.582357,1415
152,34.388092,-0.420743,1138
153,33.98886,-0.571407,1135
154,33.944089,-0.543891,1136
155,34.24263,-0.485858,1338
156,33.989306,-0.687244,1136
157,34.221143,-0.455935,1176
158,34.680115,-0.289303,1137
159,34.169474,-0.713508,1269
160,38.324783,1.017968,471
161,39.007087,1.542948,256
162,38.221046,1.150551,470
163,38.290776,0.663837,605
164,39.253605,1.042632,215
165,38.425393,0.39406,583
166,38.378669,1.420262,328
167,38.757331,1.292951,274
168,38.068692,1.262913,580
169,38.615997,1.136869,310
170,38.850772,1.881816,326
171,39.058736,0.988726,240
172,38.684134,0.378836,487
173,38.883225,1.586892,336
174,39.044296,1.62271,295
175,38.83288,0.872594,326
176,38.928972,2.035089,343
177,37.765885,0.59608,898
178,38.503456,0.556393,524
179,38.697483,1.866692,323
180,36.794805,-1.887144,1633
181,37.553668,-2.647004,1178
182,37.086255,-1.878663,1554
183,36.102412,-2.088847,609
184,36.696216,-2.003939,1650
185,36.94375,-2.044675,1703
186,37.820821,-2.912973,971
187,37.111364,-1.804159,1604
188,37.842282,-2.921782,879
189,36.40436,-1.414128,1324
190,36.518816,-1.446537,1648
191,37.485954,-2.780249,1296
192,36.613189,-1.61282,1445
193,37.29768,-2.554109,1152
194,37.2096,-2.164155,1310
195,36.029637,-2.024984,717
196,36.784818,-1.588282,1715
197,36.424831,-2.056921,1058
198,36.251843,-1.582144,1042
199,36.666615,-2.212237,1622
200,34.709161,0.290191,1477
201,34.729335,0.358494,1510
202,34.453549,0.231511,1351
203,34.401781,0.317851,1264
204,34.724567,0.25211,1455
205,34.732442,0.394163,1482
206,34.745982,0.504097,1466
207,34.395137,0.319152,1281
208,34.577718,0.178836,1431
209,34.824253,0.385155,1604
210,34.636024,0.42613,1433
211,34.448183,0.236319,1307
212,34.89498,0.500276,1658
213,34.82061,0.303847,1555
214,34.457418,0.32826,1288
215,34.79699,0.246749,1543
216,34.438833,0.423017,1311
217,34.853513,0.317563,1581
218,34.748417,0.240879,1517
219,34.58519,0.337517,1384
220,35.2775,-0.307038,1983
221,35.477478,-0.011217,2595
222,35.528332,-0.161414,2217
223,35.364441,-0.310541,2116
224,35.544668,-0.156188,2279
225,35.083539,-0.409798,1773
226,35.155679,-0.451645,1756
227,35.183692,-0.36593,1939
228,35.423419,-0.239072,1953
229,35.481757,-0.145267,2231
230,35.373059,-0.288295,1973
231,35.425033,-0.187514,1966
232,35.603594,-0.219098,2310
233,35.44183,-0.281799,2244
234,35.067054,-0.246782,1324
235,35.57306,-0.087619,2349
236,35.163538,-0.444412,1757
237,35.555227,-0.233271,2174
238,35.613369,-0.259852,2588
239,35.612937,-0.235184,2352
240,37.184807,-1.093739,1453
241,36.819995,-0.978137,1877
242,36.816026,-1.054154,1798
243,37.102273,-1.193649,1456
244,36.951684,-1.147818,1530
245,36.786528,-1.014934,1927
246,36.674405,-0.980136,2333
247,36.704967,-1.034665,2144
248,36.74894,-1.180788,1915
249,36.610208,-1.224066,2098
250,37.022777,-1.04755,1530
251,36.963481,-1.195145,1508
252,36.807579,-0.880049,2032
253,37.053086,-1.173445,1467
254,37.096229,-1.140199,1471
255,37.110012,-1.208476,1470
256,37.023153,-1.125308,1503
257,37.033791,-1.037706,1523
258,36.759222,-0.869239,2182
259,36.778158,-1.028238,1925
260,39.600312,-2.932245,124
261,39.494889,-3.046766,139
262,39.955897,-3.277535,48
263,40.023024,-3.110512,17
264,39.615126,-2.945292,109
265,39.698739,-3.664385,126
266,39.482122,-2.9481,151
267,39.617697,-3.252127,131
268,39.745587,-3.373791,170
269,39.503481,-3.076132,116
270,39.348003,-3.575284,254
271,39.89413,-3.158998,36
272,39.64475,-3.771955,264
273,39.890887,-2.383227,113
274,39.249297,-3.26375,250
275,39.208514,-3.259775,320
276,39.867076,-2.944444,106
277,39.690788,-3.646186,105
278,39.847224,-2.391784,126
279,40.094607,-3.077702,41
280,37.318084,-0.207648,3921
281,37.335402,-0.282368,2623
282,37.315226,-0.533519,1357
283,37.243129,-0.431171,1917
284,37.300476,-0.664509,1179
285,37.264749,-0.507825,1564
286,37.356396,-0.514005,1421
287,37.438993,-0.724833,1103
288,37.312589,-0.495087,1497
289,37.263065,-0.289843,2968
290,37.306635,-0.566373,1293
291,37.301736,-0.617922,1218
292,37.149206,-0.542724,1540
293,37.309833,-0.356545,2193
294,37.459745,-0.710483,1087
295,37.289792,-0.368487,2162
296,37.412468,-0.467529,1559
297,37.229934,-0.412126,2067
298,37.31366,-0.384069,2015
299,37.327751,-0.328413,2304
300,34.885128,-0.597137,1999
301,34.819091,-0.712203,1781
302,34.675805,-0.924921,1671
303,34.805426,-0.547372,1646
304,34.659683,-0.865729,1566
305,34.800234,-0.711023,1911
306,34.974846,-0.830351,2017
307,34.809789,-0.876677,1790
308,34.847648,-0.831698,1883
309,34.893968,-0.813591,2034
310,34.937611,-0.874038,1962
311,34.652299,-0.658018,1486
312,34.910051,-0.868639,1982
313,34.900665,-0.75344,1997
314,34.796787,-0.752682,1800
315,34.669743,-0.81501,1826
316,34.794351,-0.774464,1821
317,34.71055,-0.893832,1682
318,34.762761,-0.741562,1716
319,34.865118,-0.849308,1988
320,34.468009,-0.155871,1157
321,34.465785,-0.167459,1139
322,34.821972,-0.236422,1139
323,34.964198,-0.184599,1150
324,35.143776,-0.118918,1261
325,35.020662,-0.224457,1207
326,35.195839,-0.023401,1355
327,34.602911,-0.23485,1135
328,34.597459,0.007958,1526
329,34.920508,-0.066325,1192
330,34.810919,-0.025041,1215
331,34.756472,-0.128886,1141
332,34.793009,-0.129687,1144
333,34.906168,-0.30372,1146
334,35.117431,-0.149244,1252
335,34.952099,-0.093173,1177
336,35.305442,-0.224165,1494
337,35.014898,-0.29404,1219
338,34.95426,-0.090979,1177
339,34.61365,-0.121353,1236
340,38.737,-1.777967,400
341,38.814611,-1.167501,396
342,38.602799,-2.145396,457
343,38.603484,-2.250973,429
344,38.52767,-0.708801,631
345,38.42238,-1.742086,591
346,37.964182,-2.057656,801
347,38.315922,-1.550637,616
348,38.084876,-1.21228,934
349,38.381171,-2.132865,582
350,38.791774,-2.784985,368
351,38.305591,-0.917914,773
352,38.615513,-1.778479,476
353,38.167495,-1.292929,935
354,37.985821,-0.871651,969
355,38.39624,-1.15818,583
356,38.612927,-1.392196,482
357,38.379489,-0.59483,705
358,37.935514,-1.014219,1108
359,38.16373,-0.861897,754
360,38.629974,-4.229618,507
361,39.173453,-4.112639,248
362,39.121462,-4.215667,179
363,39.263639,-4.613868,4
364,38.926945,-3.976507,397
365,39.375813,-4.315961,168
366,39.325802,-4.425372,68
367,39.342484,-4.002633,257
368,39.097074,-3.701686,371
369,39.214616,-3.769564,308
370,39.267346,-3.676629,272
371,39.396099,-4.152096,161
372,39.099755,-3.963581,283
373,39.439838,-4.244271,364
374,39.333614,-4.354289,80
375,39.35691,-4.301482,152
376,39.068169,-3.885561,292
377,39.469873,-4.367393,72
378,39.28036,-3.9461,181
379,39.134355,-3.571917,350
380,36.867608,0.149575,1744
381,36.646961,0.808881,1888
382,36.69257,0.353759,1779
383,36.544409,0.463706,1919
384,36.399969,0.385068,1999
385,37.213642,0.436173,1868
386,37.131764,0.075005,1963
387,36.556001,0.634272,1861
388,36.687901,0.456183,1750
389,36.364585,0.191128,2310
390,36.70229,0.515724,1867
391,36.77273,0.622429,1765
392,37.358994,0.40761,1058
393,36.905636,0.450973,1607
394,36.352282,0.397161,2076
395,36.583599,-0.06411,2190
396,36.298921,0.231356,2161
397,36.7788,0.464745,1655
398,36.623391,0.11427,1913
399,36.880704,0.736605,1716
400,40.66448,-1.975234,26
401,40.93665,-1.727125,36
402,40.917571,-1.967453,18
403,41.124085,-2.093606,5
404,41.322804,-1.847547,18
405,41.07252,-1.997727,2
406,41.043772,-1.737744,36
407,40.508528,-2.132857,35
408,40.526422,-2.108916,32
409,40.590379,-2.165387,22
410,41.081768,-2.064426,3
411,41.085702,-1.816197,16
412,41.107816,-2.108474,6
413,40.579442,-1.911078,39
414,41.274823,-1.810235,84
415,40.981106,-2.135661,3
416,40.548714,-2.034082,35
417,40.43926,-2.305742,20
418,40.586614,-2.055263,32
419,41.113407,-1.782057,22
420,37.374651,-1.157783,1223
421,37.743154,-0.814727,944
422,37.487554,-1.052032,1116
423,37.788025,-1.116416,1166
424,37.416166,-1.351061,1357
425,37.591771,-1.016545,1145
426,37.38808,-1.161741,1216
427,37.452588,-0.996471,1085
428,37.292638,-1.145807,1364
429,37.077953,-1.571787,1623
430,37.35789,-0.86286,1078
431,37.762277,-0.86941,959
432,37.218182,-1.363608,1557
433,37.823526,-0.841809,826
434,37.679376,-1.325827,1157
435,37.505212,-1.055215,1171
436,37.439154,-1.247698,1201
437,37.214852,-1.229937,1496
438,37.27871,-1.434634,1957
439,37.729177,-1.04056,1252
440,37.655181,-2.09067,1054
441,37.642426,-2.067233,1043
442,38.070929,-2.356497,769
443,38.278629,-2.660182,632
444,38.302157,-2.592583,594
445,38.219462,-2.715162,694
446,37.558883,-1.59295,1210
447,37.961094,-2.624984,1038
448,37.348339,-1.810488,1893
449,37.787477,-2.41744,1109
450,37.99673,-2.621724,954
451,37.592855,-2.007573,1047
452,37.743026,-1.794852,1013
453,37.556132,-1.581574,1202
454,37.379598,-1.790421,1831
455,37.407372,-1.672097,1388
456,37.277721,-1.862567,1572
457,37.943356,-2.722484,1420
458,37.725995,-2.174189,914
459,37.850028,-2.12581,840
460,41.112536,3.282077,514
461,40.059133,3.409778,659
462,39.947078,3.29831,655
463,40.356248,3.117002,511
464,40.640079,2.592582,380
465,41.413643,3.634925,426
466,40.706393,3.172559,497
467,40.342007,3.668128,760
468,40.676001,2.723885,412
469,40.658094,3.70983,761
470,40.853429,2.520119,419
471,40.451316,3.345864,565
472,40.885518,2.463848,384
473,41.03401,3.782204,491
474,40.940877,3.623326,553
475,40.800118,2.441291,337
476,41.417044,3.478156,401
477,41.191138,3.734596,501
478,40.714139,2.834826,444
479,40.253901,3.117062,534
480,37.75082,2.790147,430
481,37.563356,2.124242,522
482,37.562615,1.72054,575
483,36.335223,3.31418,441
484,37.672301,1.696574,557
485,37.50698,1.95401,532
486,37.469104,1.955253,549
487,37.590556,1.515131,836
488,37.788603,3.242692,796
489,38.565124,2.891469,560
490,37.456511,1.596753,766
491,36.518292,3.156093,608
492,37.399415,2.872626,392
493,36.939978,3.762505,671
494,37.985076,1.839638,436
495,37.017435,3.048184,467
496,36.765076,3.458733,563
497,37.558365,3.355921,781
498,38.245896,1.664711,387
499,37.826387,3.649317,1130
500,37.889104,0.095787,1093
501,37.825474,0.144868,1431
502,37.652638,0.471531,971
503,37.390211,-0.129553,3552
504,38.256812,-0.014495,437
505,38.101697,0.164028,691
506,37.653107,-0.002545,1592
507,37.280051,0.123431,2266
508,38.229359,0.188505,595
509,38.112427,0.226172,746
510,37.968559,0.152891,1128
511,38.03474,0.535117,1052
512,37.86139,0.486243,1041
513,37.734337,0.329775,1163
514,37.974234,0.587967,896
515,37.675532,0.230759,1322
516,37.505192,-0.148413,2598
517,37.368421,0.037588,3006
518,37.672794,-0.120003,1377
519,37.951182,0.474208,1171
520,34.538683,-1.178716,1467
521,34.446738,-0.872916,1357
522,34.440334,-1.083529,1372
523,34.148207,-0.865901,1137
524,34.301663,-0.968187,1244
525,34.39224,-0.88236,1292
526,34.600933,-0.804535,1458
527,34.066463,-0.810136,1136
528,34.660868,-1.280615,1658
529,34.204916,-0.806808,1257
530,34.701447,-1.342021,1775
531,34.606836,-1.123752,1454
532,34.42199,-1.074978,1374
533,34.229233,-0.841204,1300
534,34.186033,-0.761706,1400
535,34.510725,-1.235628,1541
536,34.24996,-0.843926,1195
537,34.540616,-1.185158,1464
538,34.445288,-1.100432,1401
539,34.421372,-0.950289,1348
540,39.598454,-4.0733,NA
541,39.703479,-4.056704,12
542,39.606259,-3.989733,12
543,39.626168,-4.00098,51
544,39.697258,-3.959393,20
545,39.635549,-4.141746,15
546,39.636371,-4.121967,21
547,39.651603,-3.985857,15
548,39.631088,-4.011807,52
549,39.665475,-3.985781,4
550,39.742412,-3.97972,11
551,39.709179,-3.952106,11
552,39.657435,-4.049981,26
553,39.629731,-3.971361,26
554,39.59755,-4.10128,40
555,39.701979,-4.022198,17
556,39.705673,-4.02077,17
557,39.641936,-3.970913,23
558,39.658743,-4.106179,19
559,39.628899,-4.092015,23
560,36.781007,-0.81506,2219
561,36.804225,-0.603932,2358
562,37.150075,-0.784118,1341
563,37.02012,-0.60343,1705
564,37.133172,-0.731544,1349
565,36.978769,-0.642016,1667
566,36.940837,-0.628225,1772
567,37.165115,-0.677639,1383
568,36.970068,-0.940351,1642
569,36.880269,-0.792779,2010
570,37.186047,-0.68204,1213
571,36.812553,-0.67973,2315
572,37.16223,-0.984556,1466
573,37.14837,-0.907196,1436
574,36.939311,-0.912652,1732
575,37.03358,-0.710149,1599
576,36.915079,-0.778612,1851
577,37.153293,-0.810573,1344
578,36.875783,-0.878666,1859
579,36.748075,-0.779474,2415
580,36.831447,-1.278547,1661
581,36.844226,-1.275085,1648
582,36.916712,-1.335717,1618
583,36.888912,-1.357533,1633
584,36.891845,-1.331843,1631
585,36.936507,-1.225849,1538
586,36.957354,-1.243745,1514
587,36.762321,-1.356504,1792
588,36.863303,-1.273503,1625
589,36.816953,-1.30138,1675
590,36.910743,-1.2713,1597
591,36.945082,-1.426399,1524
592,36.90981,-1.297456,1607
593,36.775829,-1.264501,1750
594,36.789696,-1.306651,1750
595,36.911583,-1.24776,1577
596,37.081609,-1.248657,1482
597,36.732364,-1.338607,1843
598,36.914507,-1.196573,1538
599,37.003425,-1.264883,1502
600,36.214099,0.092289,1876
601,36.349643,-0.825648,1896
602,35.913345,-0.522974,2784
603,35.834208,-0.198462,1906
604,36.071211,-0.188331,1860
605,35.849132,-0.103746,1921
606,36.272656,-0.760081,1897
607,36.064077,-0.042735,1667
608,36.010469,-0.047572,1643
609,36.194305,-0.545499,1884
610,36.119715,-0.462039,1795
611,36.146154,-0.01398,1652
612,35.905551,-0.21637,1941
613,36.035056,0.000308,1610
614,35.738127,-0.283491,2538
615,36.422301,-0.870422,2060
616,36.313238,-0.427198,2253
617,36.151391,-0.153492,2087
618,35.593722,-0.599646,2401
619,35.905448,-0.450245,2631
620,35.08466,0.140517,1906
621,35.196432,0.053419,1691
622,35.076458,0.301,1931
623,35.15894,0.259184,1949
624,35.133185,0.275499,2008
625,35.316703,0.126487,2298
626,35.25353,0.194981,2080
627,35.025034,0.079525,1955
628,34.949081,0.124325,1823
629,35.121091,0.52435,1933
630,34.924446,-0.029152,1409
631,35.348677,0.039908,2083
632,35.342322,-0.079968,2380
633,34.909519,0.034868,1741
634,34.959384,0.17571,1760
635,35.152621,0.092726,2061
636,35.123438,0.481664,1952
637,35.115732,0.181578,1998
638,35.231468,0.104462,2036
639,35.03194,0.478122,1893
640,36.188483,-0.796844,2187
641,35.329618,-1.257924,1825
642,35.206095,-1.038641,1731
643,34.925439,-0.994124,1790
644,36.056433,-1.050355,2114
645,35.568672,-1.615936,2002
646,35.816065,-0.626026,2657
647,35.010366,-1.502948,1493
648,35.855276,-0.929323,2152
649,35.372474,-1.088779,2129
650,35.879055,-1.033301,2033
651,34.862148,-1.132054,1691
652,35.910163,-1.24895,1714
653,35.973239,-1.693383,1916
654,35.106765,-1.151685,1654
655,34.767364,-1.157001,1543
656,35.891448,-1.987731,1854
657,35.536646,-1.004524,2021
658,35.473604,-1.633959,1870
659,35.841128,-1.86098,1941
660,34.962334,-0.471969,1689
661,34.904374,-0.682864,1908
662,35.039609,-0.442296,1597
663,34.90955,-0.601009,1946
664,35.037373,-0.781791,1851
665,34.923258,-0.702662,1867
666,34.944634,-0.766068,2038
667,34.872507,-0.51548,1647
668,34.956763,-0.783437,2080
669,34.944514,-0.570921,1928
670,35.022872,-0.850916,1988
671,34.953585,-0.775654,2062
672,34.971707,-0.448052,1678
673,34.825702,-0.623121,1912
674,34.987909,-0.763325,2069
675,34.790969,-0.66415,1694
676,34.85112,-0.633229,1868
677,35.044517,-0.724374,1884
678,35.055793,-0.664899,1900
679,34.945925,-0.499425,1628
680,36.502993,0.081009,2142
681,36.693685,-0.750895,2448
682,36.533405,-0.547257,2412
683,36.575847,-0.427712,2817
684,36.524416,-0.390093,2720
685,36.535204,-0.180457,2748
686,36.651596,-0.771358,2522
687,36.567345,-0.35122,3332
688,36.278155,-0.11706,2702
689,36.591051,-0.592671,2498
690,36.632629,-0.574166,2605
691,36.260948,-0.185335,2720
692,36.614632,-0.535307,2547
693,36.239523,-0.213811,2569
694,36.631963,-0.16822,2505
695,36.309389,-0.172145,2689
696,36.714495,-0.726291,2774
697,36.462886,-0.106008,2542
698,36.388004,-0.420191,2152
699,36.403895,-0.113932,2335
700,37.038531,-0.373207,1740
701,37.161483,-0.463246,1801
702,37.022378,-0.187698,1966
703,36.999577,-0.380814,1723
704,36.780062,-0.381129,2542
705,36.720435,-0.330557,2928
706,36.725148,-0.200264,2446
707,37.259031,-0.206573,3812
708,37.097239,-0.448619,1794
709,37.083342,-0.109372,2126
710,36.939395,-0.414604,1805
711,36.760583,-0.559961,2833
712,36.9345,-0.48496,1846
713,36.705508,-0.323257,3089
714,36.655971,-0.424084,3413
715,37.212769,-0.133764,3062
716,36.678034,-0.545852,3161
717,37.175568,-0.127544,2663
718,36.742859,-0.160345,2159
719,36.916134,-0.493186,1961
720,36.987441,0.809053,1392
721,37.088307,0.993207,1311
722,37.537047,1.03375,821
723,37.051948,0.929701,1262
724,36.628972,2.059548,632
725,37.288589,1.494034,772
726,36.87413,0.989162,1991
727,37.403715,0.856379,1170
728,37.521606,0.782078,926
729,37.355106,1.2652,1333
730,36.926656,1.057474,1299
731,36.862016,1.642698,1357
732,37.617526,0.97373,852
733,37.553632,1.153087,778
734,37.803294,0.731005,868
735,37.429364,1.545372,745
736,37.833409,1.362996,592
737,37.703156,1.006074,782
738,37.859961,1.203612,772
739,36.606866,1.226551,2506
740,34.292755,-0.284673,1211
741,34.014392,-0.202891,1137
742,34.536135,0.030212,1463
743,34.374303,0.219364,1251
744,34.36864,-0.162281,1183
745,34.103721,0.075848,1147
746,34.332132,0.293914,1279
747,34.468172,0.160347,1361
748,34.291615,0.257614,1236
749,34.066506,-0.077797,1136
750,34.364842,-0.003475,1254
751,34.174787,-0.070007,1172
752,34.275669,0.302628,1299
753,34.260325,0.192307,1205
754,34.326923,-0.030092,1227
755,34.185465,-0.045875,1211
756,34.029803,-0.150151,1137
757,34.277666,-0.232233,1169
758,34.052372,-0.132867,1138
759,34.071722,-0.244329,1136
760,38.928911,-3.363205,385
761,38.188,-3.356205,1022
762,38.524171,-3.439987,634
763,38.562691,-3.730851,670
764,38.073291,-3.535549,963
765,38.788316,-3.05498,283
766,38.661339,-3.065284,380
767,39.059602,-3.295095,325
768,38.599915,-3.845479,599
769,38.619275,-3.898568,587
770,38.268819,-3.586043,1016
771,37.974133,-2.947167,790
772,38.554932,-3.678168,700
773,38.341545,-3.033751,534
774,37.953868,-2.902637,835
775,39.088257,-3.491894,342
776,38.058413,-2.930778,831
777,38.233089,-3.615042,828
778,38.711367,-3.222373,450
779,39.063201,-3.538559,363
780,39.153766,-1.532979,251
781,39.362284,-2.872845,184
782,40.024307,-1.45912,67
783,38.722673,-2.525673,360
784,39.180263,-1.063475,247
785,39.755805,-0.956594,134
786,39.479514,-2.232267,171
787,39.038809,-1.777598,294
788,39.051009,-0.260966,279
789,39.231572,-2.001823,219
790,39.145514,-1.469603,275
791,38.972467,-2.359983,284
792,40.002035,-1.206834,78
793,39.229441,-1.395492,259
794,39.055896,-1.201387,325
795,40.427051,-2.430193,11
796,40.183345,-2.310607,15
797,39.281518,-1.656831,231
798,39.422398,-0.788334,241
799,39.606505,-1.963014,132
800,37.515121,-0.252346,2170
801,37.477032,-0.176088,2575
802,37.812844,-0.291953,838
803,38.110176,-0.091813,732
804,37.594908,-0.284843,1692
805,37.771629,-0.335592,927
806,38.051697,-0.0124,659
807,38.106352,-0.027302,560
808,37.948641,-0.067027,710
809,37.94928,-0.004325,783
810,37.55562,-0.237597,1975
811,38.166527,-0.196325,443
812,37.906697,-0.16084,676
813,38.12722,-0.19811,539
814,37.884054,-0.230633,741
815,37.780845,-0.401721,863
816,38.050573,0.001939,671
817,37.548812,-0.352578,1693
818,37.708991,-0.380049,1170
819,38.069688,-0.126875,629
820,34.74522,1.083748,2382
821,34.782405,1.104574,2100
822,34.895806,1.023426,1807
823,34.772661,0.934734,2261
824,35.051266,1.067339,1851
825,34.837193,1.233612,1848
826,34.981197,1.248829,1789
827,34.826564,1.151746,1949
828,35.058565,1.069867,1872
829,34.967178,0.946189,1833
830,34.874082,0.863555,1795
831,34.800465,1.215988,1948
832,35.185843,1.067064,1939
833,35.032858,1.17742,1944
834,35.130053,0.983423,1906
835,34.803114,1.112651,2008
836,34.981498,1.116059,1820
837,34.842447,1.210961,1885
838,34.917681,1.195901,1872
839,34.96458,1.128694,1844
840,36.029936,2.138749,796
841,35.813005,3.397142,465
842,34.281813,4.351158,638
843,34.278715,3.975575,814
844,34.883513,2.965593,1468
845,36.242722,1.755257,654
846,35.366224,2.308706,693
847,34.715686,3.257411,786
848,34.257187,4.290666,671
849,34.641584,3.720051,695
850,35.503275,1.982609,809
851,35.536613,4.505251,604
852,35.962334,1.630788,891
853,35.410913,3.737788,635
854,36.331309,1.792409,363
855,35.346746,2.193967,747
856,35.438356,4.475286,615
857,35.292278,4.88823,NA
858,34.114266,4.366699,NA
859,35.698383,2.371679,717
860,35.378845,0.858048,2021
861,35.172464,0.708706,1954
862,35.17152,0.680937,1945
863,35.310877,0.454246,2172
864,35.38243,0.086024,2395
865,35.489624,0.735922,2230
866,35.167893,0.803902,1896
867,35.48195,0.820592,2268
868,35.116017,0.610528,1931
869,35.262907,0.737623,2029
870,35.272862,0.849551,2006
871,35.3552,0.408178,2211
872,35.320659,0.44181,2183
873,35.393164,0.841004,2125
874,35.411443,0.39499,2282
875,35.548438,0.126788,2582
876,35.273395,0.689133,2045
877,35.378068,0.348554,2213
878,35.402884,0.41047,2264
879,35.256851,0.480431,2111
880,34.779116,0.047473,1611
881,34.712798,-0.007464,1479
882,34.725716,0.113169,1583
883,34.599099,0.063896,1444
884,34.72158,0.12239,1537
885,34.896789,0.168579,1642
886,34.656713,0.103171,1483
887,34.619713,0.102274,1457
888,34.767739,0.113484,1600
889,34.816868,0.038465,1600
890,34.702424,0.004562,1479
891,34.731258,0.027144,1549
892,34.826471,0.186928,1496
893,34.734977,0.138305,1523
894,34.647296,0.066115,1499
895,34.602027,0.034988,1483
896,34.815661,0.108935,1661
897,34.703643,0.061426,1590
898,34.756984,0.046497,1605
899,34.721678,0.103676,1533
900,40.218443,1.93298,312
901,39.659614,2.94753,566
902,39.964117,0.701043,169
903,40.507422,2.686673,414
904,39.102076,2.785868,507
905,40.769138,0.920254,113
906,40.611701,2.095597,315
907,39.848901,1.689515,254
908,40.125189,1.822844,274
909,39.254943,2.039866,333
910,39.113052,2.16301,352
911,40.399172,1.66293,217
912,40.318404,2.201356,459
913,39.630607,2.323947,370
914,40.020227,1.293175,204
915,39.651678,1.558369,249
916,39.906104,3.006039,587
917,39.741289,0.780603,234
918,39.787168,1.927599,291
919,39.408589,2.835425,504
920,34.910988,1.45369,1351
921,35.299898,2.213164,776
922,35.542097,1.336811,2061
923,35.099579,1.848384,1304
924,34.885566,1.501471,1384
925,35.248028,2.091626,1307
926,35.053144,2.201754,1507
927,35.092329,2.206707,1444
928,35.20905,1.600228,1393
929,34.849315,1.324934,1527
930,35.315998,1.340511,1666
931,34.970651,2.212613,1534
932,35.073876,2.21858,1541
933,35.540262,1.640788,864
934,35.59938,1.636154,936
935,35.374402,1.819975,1038
936,35.201983,1.36368,1625
937,35.576701,1.45981,948
938,34.978689,2.412949,1541
939,34.937489,2.308943,1648
